"Name","Sequence"
">HQ433692.1 Borrelia burgdorferi strain QLZP1 16S ribosomal RNA gene, partial sequence",">HQ433692.1 Borrelia burgdorferi strain QLZP1 16S ribosomal RNA gene, partial sequence"
"AGCATGCAAGTCAAACGAGATGTAGCAATACATCTAGTGGCGAACGGGTGAGTAACGCGTGGATGATCTA","AGCATGCAAGTCAAACGAGATGTAGCAATACATCTAGTGGCGAACGGGTGAGTAACGCGTGGATGATCTA"
"CCTATGAGATGGGGATAACTATTAGAAATAGTAGCTAATACCGAATAAGGTCAATTAATTTGTTAATTGA","CCTATGAGATGGGGATAACTATTAGAAATAGTAGCTAATACCGAATAAGGTCAATTAATTTGTTAATTGA"
"TGAAAGGAAGCCTTTAAAGCTTCGCTTGTAGATGAGTCTGCGTCTTATTAGTTAGTTGGTAGGGTAAATG","TGAAAGGAAGCCTTTAAAGCTTCGCTTGTAGATGAGTCTGCGTCTTATTAGTTAGTTGGTAGGGTAAATG"
"CCTACCAAGGCGATGATAAGTAACCGGCCTGAGAGGGTGAACGGTCACACTGGAACTGAGACACGGTCCA","CCTACCAAGGCGATGATAAGTAACCGGCCTGAGAGGGTGAACGGTCACACTGGAACTGAGACACGGTCCA"
"GACTCCTACGGGAGGCAGCAGCTAAGAATCTTCCGCAATGGGCGAAAGCCTGACGGAGCGACACTGCGTG","GACTCCTACGGGAGGCAGCAGCTAAGAATCTTCCGCAATGGGCGAAAGCCTGACGGAGCGACACTGCGTG"
"AATGAAGAAGGTCGAAAGATTGTAAAATTCTTTTATAAATGAGGAATAAGCTTTGTAGGAAATGACGAAG","AATGAAGAAGGTCGAAAGATTGTAAAATTCTTTTATAAATGAGGAATAAGCTTTGTAGGAAATGACGAAG"
"TGATGACGTTAATTTATGAATAAGCCCCGGCTAATTACGTGCCAGCAGCCGCGGTAATACG","TGATGACGTTAATTTATGAATAAGCCCCGGCTAATTACGTGCCAGCAGCCGCGGTAATACG"
"",""
">HQ433694.1 Borrelia burgdorferi strain CS4 16S ribosomal RNA gene, partial sequence",">HQ433694.1 Borrelia burgdorferi strain CS4 16S ribosomal RNA gene, partial sequence"
"AGCATGCAAGTCAAACGGGATGTAGCAATACATTCAGTGGCGAACGGGTGAGTAACGCGTGGATGATCTA","AGCATGCAAGTCAAACGGGATGTAGCAATACATTCAGTGGCGAACGGGTGAGTAACGCGTGGATGATCTA"
"CCTATGAGATGGGGATAACTATTAGAAATAGTAGCTAATACCGAATAAGGTCAGTTAATTTGTTAATTGA","CCTATGAGATGGGGATAACTATTAGAAATAGTAGCTAATACCGAATAAGGTCAGTTAATTTGTTAATTGA"
"TGAAAGGAAGCCTTTAAAGCTTCGCTTGTAGATGAGTCTGCGTCTTATTAGCTAGTTGGTAGGGTAAATG","TGAAAGGAAGCCTTTAAAGCTTCGCTTGTAGATGAGTCTGCGTCTTATTAGCTAGTTGGTAGGGTAAATG"
"CCTACCAAGGCAATGATAAGTAACCGGCCTGAGAGGGTGAACGGTCACACTGGAACTGAGATACGGTCCA","CCTACCAAGGCAATGATAAGTAACCGGCCTGAGAGGGTGAACGGTCACACTGGAACTGAGATACGGTCCA"
"GACTCCTACGGGAGGCAGCAGCTAAGAATCTTCCGCAATGGGCGAAAGCCTGACGGAGCGACACTGCGTG","GACTCCTACGGGAGGCAGCAGCTAAGAATCTTCCGCAATGGGCGAAAGCCTGACGGAGCGACACTGCGTG"
"AATGAAGAAGGTCGAAAGATTGTAAAATTCTTTTATAAATGAGGAATAAGCTTTGTAGGAAATGACAAAG","AATGAAGAAGGTCGAAAGATTGTAAAATTCTTTTATAAATGAGGAATAAGCTTTGTAGGAAATGACAAAG"
"TGATGACGTTAATTTATGAATAAGCCCCGGCTAATTACGTGCCAGCAGCAGCGGTAATACG","TGATGACGTTAATTTATGAATAAGCCCCGGCTAATTACGTGCCAGCAGCAGCGGTAATACG"
"",""
">HQ433691.1 Borrelia burgdorferi strain GL18 16S ribosomal RNA gene, partial sequence",">HQ433691.1 Borrelia burgdorferi strain GL18 16S ribosomal RNA gene, partial sequence"
"AGCATGCAAGTCAAACGAGATGTAGTAATACATCTAGTGGCGAACGGGTGAGTAACGCGTGGATGATCTA","AGCATGCAAGTCAAACGAGATGTAGTAATACATCTAGTGGCGAACGGGTGAGTAACGCGTGGATGATCTA"
"CCTATGAGATGGGGATAACTATTAGAAATAGTAGCTAATACCGAATAAGGTCAATTAATTTGTTAATTGA","CCTATGAGATGGGGATAACTATTAGAAATAGTAGCTAATACCGAATAAGGTCAATTAATTTGTTAATTGA"
"TGAAAGGAAGCCTTTAAAGCTTCGCTTGTAGATGAGTCTGCGTCTTATTAGTTAGTTGGTAGGGTAAATG","TGAAAGGAAGCCTTTAAAGCTTCGCTTGTAGATGAGTCTGCGTCTTATTAGTTAGTTGGTAGGGTAAATG"
"CCTACCAAGGCGATGATAAGTAACCGGCCTGAGAGGGTGAACGGTCACACTGGAACTGAGACACGGTCCA","CCTACCAAGGCGATGATAAGTAACCGGCCTGAGAGGGTGAACGGTCACACTGGAACTGAGACACGGTCCA"
"GACTCCTACGGGAGGCAGCAGCTAAGAATCTTCCGCAATGGGCGAAAGCCTGACGGAGCGACACTGCGTG","GACTCCTACGGGAGGCAGCAGCTAAGAATCTTCCGCAATGGGCGAAAGCCTGACGGAGCGACACTGCGTG"
"AATGAAGAAGGTCGAAAGATTGTAAAATTCTTTTATAAATGAGGAATAAGCTTTGTAGGAAATGACGAAG","AATGAAGAAGGTCGAAAGATTGTAAAATTCTTTTATAAATGAGGAATAAGCTTTGTAGGAAATGACGAAG"
"TGATGACGTTAATTTATGAATAAGCCCCGGCTAATTACGTGCCAGCAGCCGCGGTAATACG","TGATGACGTTAATTTATGAATAAGCCCCGGCTAATTACGTGCCAGCAGCCGCGGTAATACG"
"",""
